hashtag,o/f
guysbelike,o
teenagersfact,f
nameafollowerwhogaveyouhead,o
votewhatmakesyoubeauiful,o
tuesdaytease,o
dontbethatplayer,o
weneedtitanscursemovie,o
whatmadememadasakid,o
alwaysnoters,f
eyehoroscope,f
wewillmissgottobelieve,o
thatcanfuckoff,o
mentionsomebodyyourethankfulfor,o
signsyoulostafight,o
changeteleseryetitlewithpepe,o
things90skidssaid,f
whyareyoustill,o
10thingsihateaboutmyself,o
2followersthatshoulddate,o
gottobelieve,o
addboobstotvtitles,o
dickhadmelike,o
twitpicyourlookalike,o
ilaughatpeoplewho,o
myrepliestotextswhenimmad,o
mentionafollowerthatgaveyouhead,o
the90sfinest,f
shouldntcomeback,o
1girltour,f
howtocreateawebsite,f
girlslovethatshit,o
zoey101memories,f
freecoffeefriday,o
mistakesboysmake,o
worstbreakupexcuse,o
replacesongwithlembu,o
reasonsweloveharry,o
relationshipscantsurvivewithout,o
10favoritedrakelyrics,o
boycotthenewy,o
askonce,
1thingmeandoomfhaveincommon,o
myfavouritechildhoodshow,o
thingsireallylike,o
18thingsiwant,
tweetyourfears,o
fearthechop,o
notsuperhuman,o
inthemorningimusthave,o
masturbationstories,
liveassgogo,
thingiwontforget,o
reasonstolovefootball,o
ipromoteyou,o
voteneverever,o
nofatherfriday,
sorrynotsorry,0
myboyfriendnotallowed,o
calloutsomebodybeautiful,o
aboutmenight,o
icametwice,f
lastnightpreorder,
primaryschoolanthems,
twerksomethingfor,o
yourewelcome,o
tellthewhitehouse,
100daysofhappiness,
twoyearsofwhatmakesyoubeautiful,o
flashbackalternatives,
singledays,
bravoyourlifekwon,o
rightbymysidevideo,
signsdarelationshipisover,o
aintnobodygottimefordat,o
thoughtsinthehalllway,o
thingsmymamado,f
ifyoucouldseemenow,o
10thingsigetalot,o
iwouldtextyoumoreif,o
ibeteverybodyforgotabout,o
whomakesmehappy,f
mentionsomeoneyouwillsexuallydestroy,o
tothedream,o
3wordsthatwomenhate,f
icantforgetaboutyou,o
louisdontlethimgo,o
4wordsafterabreakup,f
whatbrightensupmyday,o
90sinsults,f
tweetsomethingyousayalot,o
5thingsthatannoyme,o
eatingcontestwithmydog,
whatsadeal,o
bandsyoucantdislike,o
702problems,f
its2014,f
confessyourunpopularopinion,o
tweetaboutyourself,o
yousoundgoodtome,o
replacementrefs,
iwanttohavesexwith,o
myshopidea,o
yeenboutthatlifeif,
nowthatsludicrous,o
dontbeaseptic,o
worstthingsinfootball,o
lyricsiliketoscream,o
easilyattractedto,o
aintnobodygottimefadat,o
iusetowantarelationshipwith,o
wednesdayviralfollowing,o
thingsthatenragerepublicans,f
bts300days,f
automaticturnons,f
replacesonglyricswithbunny,o
tagsforlikesfslc,f
10mybestfriends,o
showsthatneedtocomeback,o
onelastshow,f
looking4myself,o
ontheroadagaintourmanila,o
nationaltellagirlsheisbeautifulday,o
shoutouttothegirls,o
mention25cutepeopleontwitter,o
easilyattracted,o
igotathing,o
10factsaboutmyvirtualbestfriend,f
1thingifindsexy,o
8yearsafterfriends,f
ottoknowsfiestaglow,f
mentionpeopleyoureallylove, o
thingsbabymamassay,o
ifiwokeupinanewbugatti,o
replacemovietitlewithcheese,o
mythoughtsatschool,o
reasonsiloveharrystyles,o
500yearsofwinter,f
thatsthatshitidolike,o
embarrassafriend,o
saysomethingniceaboutromney,o
mywishin2013,o
20reasonswhywelovejustin,o
aintnobodygottimeforthat,o
greatestsongintrosever,o
rapperswhowentmissing,f
replacesongtitlewithlontong,o
youstillatthebottomif,o
thatsmytomboy,o
tweetamoviethatnevergetsold,o
thingsweblamethedevilfor,o
songsiknowoffbyheart,o
promoteonlinekindness,o
bornwithattitude,o
youcuteandallbut,o
thatsexthatmadeyou,o
firstthingidointhemorning,o
favouritelyric,o
22reasonswhywelovelouis,o
mytop20bands,o
reasonsifailatbeingagirl,o
iftwitterdidnotexist,o
wenotdatingif,o
mentionsomeoneyouwanttomeet,o
harrygirlsbelike,o
youdecide9,o
ifwearetogether,o
maythefourthbewithyou,o
20picsofharryfromyourcameraroll,f
wheniwasbatapa,o
thingsthatpleaseme,o
next2naked,f
replacevideogamenamewithbooty,o
jumpahead,o
irespectthosewho,o
youreattractiveif,o
moviesthatmadeourchildhood,o
sheelookssoperfect,o
somethingidonthave,o
15factsaboutmybrother,f
rateyourdate,o
notetomyex,o
reasonswhyileftfacebook,o
100lifegoals,f
ifwearedating,o
elementsaturdays,0
bethismyvalentine,o
givemelovevideo,o
somethingicantdealwith,o
replacemovietitlewithgoat,o
addinmypantstoafilm,f
racismendedwhen,o
tripledturnup,f
thingswesaywhilegettinarrested,o
thingseverymomsays,o
butwhathurtsmethemost,o
indonesianteenslovesong,f
ifmodibecomespm,o
ificouldlivemylifeinmyfavoritemovieitwouldbe,o
thingsliberalsdontsay,o
thingstoneveraskadj,o
whatilearnedfromthisfandom2013,o
votewhatmakesyoubeauitful,o
stereotypesofourgeneration,o
sliceofsummer,o
guymusicvideotoday,f
seniors2014,f
youknowwhatannoysme,o
womenshistorymonth,f
shewouldbeprettyif,o
sharemortallove,o
replacesongnameswithchicken,o
savethelyinggame,o
myfavouritemoviequote,o
muslimsarenotterrorists,o
stuckinourheads,o
onethingimsureof,o
pipethefuckdown,o
standwithwomen,o
newhomenewroots,o
creepychildrenstoys,o
indonesianteensopinion,f
roadto15,f
roadto16,f
thetwitterawesome,o
sissyslut,o
retro70s80s90s,
thingsthatonlyhappeninthemovies,f
youshouldneveraskagirl,o
easilyatrractedto,o
seconardyschoolmemories,f
whatmenshouldknow,o
phrasesjamaicanscreated,f
commonwhitepeoplequestions,f
didumiss,o
thingsboyssayafterrejection,o
ihatewhenteacherssay,o
whatthefox,0
itshyoursday,o
followmecaniff,o
witnesshistory,o
holdonsoyoutellinme,o
startsomethingnew,o
relationshipsthesedaysare,o
tomyfuturedaughter,o
howtoreactwhenyouseeyourex,o
drinklocally,o
stayingstrong2years,o
buyreallydontcare,o
thingsharrypottertaughtme,f
sexpeditiontopretweets,o
replacesongwithbra,o
guiltynotguilty,o
30waystomakeagirlsmile,o
kissmequick,o
countdowntostayingstrong,o
wordsguyscantsay,o
stopwhitepeople,o
straightgirlsbelike,o
happylastdayof2012for,o
raceyourfriends,o
myrvesfeversweepslegaspi,o
signsthatyourelonely,o
18thingswegoogle,o
in6thgrade,f
completetalkdirty,o
irishstrippersyoureoverpriced,o
whereweare,f
itsnotcomplicated,o
goodthingsintheworld,o
10factsaboutmydad,f
giftforsanta,o
industriesmostwanted,o
imaginedragonsnomultishow,f
thingsbetterthensex,o
10worstpickuplines,o
wearasmanyclothesasyoucanatoncefor1d,o
whatpubertydidtome,f
jennamarblestaughtme,f
thatfeltsogood,o
sexwithlouisbelike,o
startbelieving,f
ididnttextyouback,f
stupidfootballfacts,o
howtoasksomeoneonadate,o
morenopretty,f
goodtobebad,f
weallgotthatoneteammate,o
alllthatmatters,o
peolplewhomademy2012,f
idontfeelrightwithout,o
represent1908,o
thingswedo2loseweight,f
setthisworldonfire,f
andthatswhyyouaresingle,o
cryingparents,o
coolestinterviewever,o
myheartdropswhen,o
youdidntstartfromthebottomif,o
blackimagines,f
dear14yearoldself,f
otherimaginarythingsbesidesteosgf,o
thebandthatlostthexfactorbutwontheworld,f
everythingthatrocks,o
askcatfish,o
yeahyourethesidechick,f
thingsthatreallyturnmeon,o
replacemovienameswithjam,o
youdontknowwhatstruggleisif,o
turndownforwhat?,o
istandwithobama,f
ucantbetoughandsay,o
8yearswithelf,f
insecuritynight,o
youknowihatewhen,o
fineassgirls,o
turndownforwhat,o
mentionpeoplethatmakesyousmile,o
dontbothermewhenim,o
replacesnsdsongswithsmurf,o
replacesongtitleswithplacenta,o
mentionsomeonewhoalwaysonyourmind,o
whostheceleb,o
mytop5bands,o
21reasonswhyilovedemi,o
artfortweets,o
dingdongthewitchisdead,o
truthandonlytruth,f
notime2sleep,o
replacesongtitlewithdrone,o
livewithfire,o
10thingsyouhatetodo,o
90sbabyfollow,f
my10favoritemusicvideo,o
ifiwasjustinsgirlfriendiwould,o
mentionsomethingaboutyourself,o
threewordscarystories,f
ifjustinwasmyboyfriend,o
thisisthevoice,o
dowhatuwantwithmybody,o
stupidshitididinelementaryschool,o
thingswesay2dapolice,o
sometimesitseasier,o
replacingmeangirlsquoteswithbacon,
wordsgrownmenshouldneversay,o
youremoreatrractiveif,o
moderndayfreak,o
tweelikeaboy,o
thingsiwanttohappen,o
ifyouremygirl,o
lentproblems,o
makesmesmh,f
thirstysunday,f
designthishome,o
letsgoplaces,o
icantgoonedaywithout,o
followthewanted,f
relationshippains,f
gotitfree,o
tweetaturnoff,o
easillyattractedto,o
idothatmittromneysmirkwhen,o
youcanttrusthoes,o
whyrelationshipsend,o
signsafightbout2breakout,o
mentionabeautifulname,o
kissforpeace,f
wereport,f
tweeapicturethatdescribesyourfriendship,o
mentionsomeoneyouwouldridefor,o
followmeconcept,f
muppetsmostwantedevent,o
wowiloveindonesia,o
youcrossedthelinewhen,o
replaceasongtitlewithtank,o
ifalbumtitleswerehonest,o
mentionanattractivefeature,o
takeflightrisk,o
youknowyoulameifyoustill,o
peoplewhoneedagoodhiding,o
campusspecial,f
getunionjtothetop5,o
friendsoneliners,o
eatcleantraindirty,f
peoplespecialinthisworld,f
20monthswithexo,f
blackparentsdothingslike,f
my15favoritesongs,o
90sbabyfollowt,o
mysexlifeasasongtitle,o
musicwasbestwhen,o
10commandmentsoftwitter,o
thingsthatmakeyoumad,o
youremoreatractiveif,o
youmightbeadictator,f
questionforgirls,f
whentheclockstrikes10,o
top10favouritesongs,o
favchildhoodtvshows,o
webooktalent,f
tweetabadhabit,o
oomfshouldknow,o
tweetapicturewithyourbestfriend,o
best90ssong,o
beautifulshow2013,f
pmccthursdaytreats,o
iatethebones,o
thotsbelike,o
10sexiestfemales,o
mentionperfection,f
myrightwingbiracialfamily,
igoodbye,
storybehindmyscars,f
uglypeopleexcuses,
eatsleepbreakthestreak,o
halfnakedthursdays,
wheresmum,
myfavouritesongsof2012,o
ap10things,o
365dayswithbtob,o
likesforlikes,
mydadtaughtme,f
mentionsomeonewhomakesyouhappy,o
10favouritealbums,o
liveouturdreams,o
linesthatmustbeshouted,o
ifwedate,o
focusedonreality,
mylifeasabarbie,o
relationshipswouldlastlongerif,o
tweetapicturethatyoucantexplain,o
mentionsomeoneyourethankfulfor,
whitepeopleyoutubesearches,o
whywouldyoucheatif,
mcfridaytreat,o
whattvadsteachyou,
tweetameet,o
twittermademerealize,o
favouritemoviequotes,o
bandsthatareperfect,o
timetoturnup,
celebritiestalkindirty,o
imreallygoodat,o
thickhairproblemsnight,o
10reasonstodateafatgirl,o
mentionsomeonehassweetsmile,o
votewhatmakesyoubeatiful,o
revealthenew,o
reedsomggiveaway,o
fivewordbreakup,
thingsmybestfrienddo,o
thursdayviralfollowing,
dailymeme,
replacemovietitlewithhorny,f
thingsguysshouldnotsaytoanotherguy,o
mylovefromthestar,o
mancrushmonday,
awaydaymemories,o
howtopissafemaleoff,
thenationwantstoknow,o
sufferingfromsuccess,o
kissthursdays,o
tweetapicturewithoutlooking,f
tweetabondthatcantbebroken,o
nowiknowbetter,f
replacefilmtitleswithwank,o
youknowyourefilipinowhen,o
5thingsifindattractive,o
ratemylesbian,o
believechristmasgiveaway,f
rapedbyasiothanditwasamazing,o
confessyourunpopluaropinion,o
butyougotthemfoamsthough,
things2chainzwouldsay,o
20picturesofharryfromyourcameraroll,f
indonesianteens2013wish,o
leftmytomtomwiththedriver,o
sexualpickuplines,
15thingsaboutmybestfriend,o
saveourguys,o
fridayviralfollowing,o
springiscoming,f
beauisawhore,
thingsunlikelytohearonmotd,o
collegeapocalypse,o
icantbetheonlyperson,o
yogirldontloveyouif,o
goroar,o
funwithhashtag,o
youknowyourebroke,o
dementiafriends,
youknowyoureindonesianwhen,f
twistoftaste,o
askfifthharmony,
hotoutside,f
20songsthatilike,o
classof2017,o
thingsbetterthanlilwaynespushatdiss,
waystogetshot,
reasonstolovelauren,o
ifyouknowpeterborough,o
19reasonstoloveharrystyles,o
firstdayofspring,o
weliveinagenerationwhere,o
howimetmybestffriend,o
fandomemories2013,f
thatsthatshitilike,o
secondaryschoolconfessions,
incomingfreshmanadvice,o
replacebandnameswithtampon,
saysomething,f
favoritelinefromasong,o
relationshipsfallapartbecause,o
oplustpwishuponareindeer,
100daysofhappy,f
90sbabyfoll,f
thatsthatshitidontlike,o
besttwittermemoriesof2013,f
mentionwhoyouwanttospendvalentineswith,o
youaremoreattractive,o
outofmylimit,f
replacesongnameswithflaps,f
mentionyourvalentine,o
thingsnottododuringafuneral,f
thatsheartgiveaway,f
someonespecialof2013,f
ifyouknowsheffield,o
sexwithniallbelike,o
igotathingafor,o
tweetyouraddiction,o
mostoverratedmusicartists,f
plantatweet,o
plansforthesummer,o
textingdisaster,o
areyoutheone,0
sarigulneredecekmekoydegisimorada,
getofftwitterif,o
replacefilmtitlewithcake,o
twittermirror,0
hotnewreads,f
thingsthatareaturnon,f
sadgooglesearches,o
100mostbeautifulpinays,f
thiscouldbeusifyoustoppedplaying,o
lessonsfromscarymovies,o
textmethis,o
thingsiliketodo,o
withbaby,o
theworldmadesensewhen,f
typenickiminajwithoutlooking,
removeoneletterfilm,o
satnightontwitter,o
thingsthatpissmeoffingeneral,o
1yearofboyfriend,f
strugglesofbeingirish,f
iamweakfor,o
dontfundit,o
lmaotwitpics,
mentionsomeomeyourethankfulfor,o
basicwhitegirl,o
hope4jobs,o
thatssoattractive,o
bringla32012,
thatswhatslutsdo,o
tellmeifyoudown,o
embarrassyourfriend,o
sexyfreeandsingle,o
myoldtwittername,f
imeasilyannoyed,f
beefsbetterthandrakeandchrisbrowns,o
mybiggestissue,f
shoutouttotheguysthat,o
musictoyournose,
infamoussecondson,o
onethingyoudontknow,o
gossipisgreat,o
whitepeopleactivites,f
wrongfilmquotes,o
rememberwhenbarackobama,f
funwithtulisantimeline,o
whatmakeseverybodymad,o
presentsfromparentdish,f
my15favoritessongs,o
thingspeoplehavetostopdoing,o
mentionsomeonewhowillcompleteyourday,o
thebestpartofmydaywas,o
whosyapapi,o
whatdifferencedoesitmake,o
thiscouldbeusbutuplayin,o
whatifancy,o
mapstothestars,f
thingsthatguyslike,o
tweetyournamewithoutvowels,o
mentionafollowerthatcangetit,o
fearfactormy,f
celebritiesivebeentoldilooklike,o
mydayinla,o
malaysianstudentproblems,o
15goodsongs,o
20mybestfriend,o
realloveiswhen,o
thankyouniallforthetwitcam,o
theworldneedsmore,f
mcfridaytreat,f
in2ndgrade,f
thingstwitterdoesntcareabout,f
16yearsoflifeonmars,f
iwishpeoplewouldjust,o
sexwithliambelike,o
bornthiswaywasbornthisday,o
hottieoftheyear,o
overlyhonestmethods,f
fifthharmonythinksyourepretty,o
thatsthatshitidontlike,o
replaceabiebersongwithjerry,o
sexyfoods,o
themostannoyingthingsever,o
ihopesomeday,o
straightuptellsomeonetheyrehot,o
replacebeyoncesongswithblue,o
funniesttumblrposts,f
thingsyoumighthearaliberalsay,o
conservativebandnames,f
bestsongeveronradio1,f
puttingfansfirst,o
pbbthelegalbestfriend,f
unansweredhiphopquestions,f
thankyouglobe,o
worstraplinesever,o
newgagasingleguy,f
bestsongtohavesexto,o
heyyouapp,f
describeobamainthreewords,o
blackgirlsfamouslines,f
tagsomeonewhofarts,o
doyoutobeone,o
blackpeoplemeetusernames,f
lyricsthatmeanalottome,o
celebritiesthatlookliketheystank,o
drawsomething,o
whatidowhenimalone,o
nameabrainer,o
what2chainswouldsay,o
idontknowhowtoactwhen,o
senior13problems,o
dailytongue,f
mentionsomeonecute,o
yougainmajorpoints,f
itamazesmethat,o
describeyourfriendshipinapicture,o
ready4reform,f
tothebeautifulyou,o
wheniseeaobamabumpersticker,o
babyisstaying,f
howtoblendinwithwhitepeople,f
ifitwasntforfootball,f
thingsconservativeshate,o
ireallydontlikeitwhen,o
thingsliberalsjustdontget,o
twittercatchingfire,o
cantremembertoforgetyou,o
youareallsurrounded,f
bestfootballchants,o
thatshitidontlike,o
20favouritefootballers,o
ifdrakewasourteacher,o
comfortforall,f
four4horror,o
hottitles,o
stopmexicangirls2013,o
britishproblemsnight,o
whenithinkofyoui,o
tweetalyriceverybodyknows,f
textcutie,o
replaceamoviewithnigga,o
collegefessionsnaps,f
thiscoudbeusbutyouplaying,f
getoveritlifegoeson,f
30sexy,o
mention15prettypeople,o
anotherfo,
letsfixthisfandom,o
whatislifewithout,o
textmessagesfromastalker,f
iwannagiveashoutoutto,o
morepopularthantheobamabudget,o
icantchillwithyouif,o
10peoplethatmeanalottome,o
thatswhatihate,o
ifwejustsmashing,
myfavoritelinewhenimmad,o
thingsidnevershare,o
2thingsiappreciate,o
womencantstandwhen,o
11songs,f
thursdaythrowback,f
tweetamemory,o
ifyouknowmewell,f
youknowyouremalaysianwhen,o
bestupallnighttourmoments,o
notanormalparty,o
beenfresh,o
crushproblemsnight,f
defineobamainoneword,o
bestsongeverofficialvideo,f
maleproverbs,f
mentionsomeoneimthankfulfor,o
dontbethatguy,o
sinceimbeinghonest,o
howtopissoffafemale,o
mentionsomeoneyouarethankfulfor,o
txtmessagesfromastalker,f
yourstrokeweakif,o
whatmakemehappy,o
1045bdayshow,f
4wordsafterabreakup,f
mommyprobs,f
16songs,f
throughyoureyes,o
ghettowaystodie,o
thingsmittromneywilltakeaway,f
wearethe5thline,f
68th,f
dancesweforgotabout,o
smartassquestions,o
songsniallcanviolentlymasturbateto,f
thingsnottodowhilepregnant,f
tweetsomethingyougetalot,o
hot30voteboost,f
myfriendsalways,o
itdrivesmecrazywhen,o
what_it_is?,o
twitterfamouswhofollowedme,o
sometimesihatetwitter,o
songsthatgiveyougoosebumps,o
textmsgsthatmakeyoumad,o
giftofsport,f
turkishncosdeathfasting,f
mentionsomeoneyouareafraidoflosing,o
ready4newcongress,o
yathatwasstupid,o
thefirstthingvideo,f
holdonweregoinghome,o
studsbelike,f
signsyoupissedsomebodyoff,f
90sbabytrain,f
bravethestorme,o
meangirlstaughtme,f
lastsummeraroundthistimeiwas,o
iammanchestersbillionthgirl,f
iwanttopunchpeoplewho,o
thingsisaytomuch,f
datemeif,f
songsthatmakeyouwannafight,o
thoughtyouwerecuteuntil,o
africansbelike,o
sometimesitseemslike,o
itsaswimmerthing,f
4hottestyearswith2pm,f
inschoolthoughts,o
like4follow,o
somosunday,o
10thingsaboutmyfather,f
iknowimnottheonlyonewho,f
heymangirl,
ifyoureblackyouknow,o
changemovietitlewithpechay,f
wishuponacornetto,f
favouritepeopleof2012,o
youliedwhenyousaid,f
tweetforaseat,o
cantwaitforonething,o
transformationtuesday,f
questionsaskedafterafight,f
ifweedwerelegal,o
illneverregretmeeting,f
rapecultureiswhen,f
mycrazyobsession,o
gettingaharryfollowisharderthan,o
thingsmoreusefulthanadebayor,o
thepeoplescouch,f
anythingforhockey,f
selfiefriday,f
annoyingthingsontwitter,o
win30s,f
artistsyoucantdislike,o
thingsisaywhilereadingmytl,f
evilasshit,f
inaparalleluniverse,f
ifmylifewereamovie,o
habitsifindhardtobreak,o
forcebumpwat,
thingsbetterthanbieber,o
typeyournamewithyourelbow,o
bringbackourgirls,o
unansweredrapquestions,o
mentionsomeonebeautiful,o
10favouritelyrics,o
ourmomentwithsmallzy,o
fixmylife,o
10peoplewhomeanalottome,o
growingeveryday,f
dontbethatguy,o
ialwaysthinkabout,o
unpopulargamingopinions,o
exgirlfriendsbelike,o
foronedayiwishicouldhangwith,o
myrealrelationshipstatus,o
1reasonwhy,
musicthatdoesmatch,f
thingswomenwant,f
whatdreamsmaycometour,o
replacesongtitleswithtampon,o
replace1dlyricswithboobs,
5thingsillneverletphaseme,o
iftheyshutdowntwitter,o
afanissomeonewho,o
commonannoyingbios,f
tweetlikeyomamawatching,
twitterisnotfor,f
2012taughtme,f
notallwhitepeople,o
hottestindiantvjodi,o
kimchiubetterandfearless,o
drop4drop,
immaturebandnames,o
whyididnttextyouback,o
thingsbetterthanthedunkcontest,
definitelyadumbass,o
20myfuturedreams,f
tweetlikeatwitterbitch,o
in10thgrade,o
10thingsyoucoulddoforme,f
mentionpeoplethatmakeyousmile,o
youdontknowthestruggleif,o
reasonswhywestoppedtalking,o
boyinluv,o
pricelesssurprise,o
thingswhitepeopleinvented,f
allthatmatersmusicvideo,f
tellmewhywouldyou,o
worsecollegeclasses,o
weasagenerationneedtoletgoof,
wheniwasbatapa,o
iaintworriedboutnothin,o
defundobamacarebecause,o
storybehindmyscar,o
mycrazybeautifullife,o
elementaryschoolconfessions,
rulesinablackhouse,o
whatreallyturnsmeon,o
parentsfavoriteline,o
imweakfor,o
thosemomentsinlifewhen,o
unansweredcartoonquestions,f
tweetlikeaswagfag,o
90sbabyfollowtrain,f
90sbabyfollowtrain,f
somefactsyoushouldknow,f
90sbabyfollowtrain,f
unattractivethingsaboutme,o
igotoaschoolwhere,o
liberalsgetupsetwhen,o
yougainpoints,
mentionsomeoneyourthankfulfor,o
whenwomangetmad,o
deploymentproblems,o
youneedtounderstandthat,o
namethatwasalmostyours,o
girlswhodontwearpanties,
20factsaboutmybrother,o
spainneedsprismaticworldtour,f
psychicreaders,o
everyguyshould,o
whenijoinedmyfandom,o
bootyinmylap,o
obamain3words,o
replacemovietitlewithvagina,f
wealmostdatedbut,o
besttextmessage,o
andinthatorder,
inkedgirls, o
dreamfund,
songsfromthecouch,o
mentionyourfavoritefollower,o
boyfriend10days,o
withasideoffrenchfries,
pornhubtaughtme,f
hiphopwentwrongwhen,o
momsgifts,o
giveittothedjsfirst,o
youknowyoureasidechickwhen,o
inaghettohousehold,
topretweetgaintrain,
advicefromhitler,o
tinytonight,o
seeyouinthefields,o
thingsyouneverwanttohearyourmothersaying,o
whyimin,
jamesstickaneedleupyourdickhole,o
balloutfromthestreets,
iamnotaliberalbecause,o
fourwordsyoudontwanttohear,o
footballconfessions,
icantcontrolmythoughtswhen,o
in3rdgrade,
urnotcuteenough,o
topretweet,
getalljobs,o
takethatsh*tc,
messagetomyhaters,o
youaintevenknowit,o
mentionanattractivefemalefollower,o
dumbfanficmoments,o
thingsyoudontsaybeforesex,f
myfavoritemoviequote,o
mention20peopleyouloveontwitter,o
replacesonglyricswithsloth,
uknowthesexisgoodwhen,o
growlforthewin,
1dwerenotlikethesegirlsonthedocumentary,
mentionsomeoneyoucanbestupidwith,o
annoyingstuffontwitter,o
thingsafricanmumssay,f
thingsbetterthanreplacementrefs,
myfavorite90ssong,o
thatswhyyouhavenofriends,o
donatedtweets,
30goodmovies,o
10worstfeelings,o
wehavethatonefriendwho,o
collegecraze,o
lookinforyou,o
britishboybandfollowingspree,
bollywoodsips,
weareneverevergettingbacktogether,o
skipto700k,0
dearfuturebabe,
thingsimguiltyof,o
mastersofsex,o
ifweweretogetherrightnow,o
nothingbutskin,o
wefromatlanta,
reasonswedontknowwhatloveis,f
igethatalot,o
worstfeeling101,o
topsongsidhavesexto,
lyrcisweallknow,
thingigetalot,o
mentionsomeoneiwantmeet,o
besttextmessage,f
ibetsomebodyonmytl,o
ifwenotinarelationship,o
22louispicsfrommycameraroll,f
unansweredhiphipquestions,f
bestwaytoaskforhead,f
2013hastaughtme,o
christmasathomewithbamboo,o
replace5soslyricswithboobs,
childhoodtvprogrammes,o
tweetitlikeyomamawatching,
findgreatness,f
finally,o
youdumbafif,o
funnyvine,
tweelyricsyouliketoscream,
100mostbeautifulpinays2013,o
weallhavethatonefollowerwho,
collegejock,
tweetyournamewithnovowels,o
tweetapicthatdescribesyourfriendship,o
picturemadnessmonday,
a90sbabyknows,f
youawhorebecause,o
thiscouldbemebutitssunday,o
amillionways,f
20reasonswhyweloveashton,o
grownupprobz,
makeasplash,
thehottestone,o
marrythemanwho,o
replacebandnameswithnapkin,o
sometimesigetsickof,o
tweetacutecouple,o
howtogetoffthephone,o
thinnestsportsbooks,o
ifnotformusic,o
breakfastwit,o
godhasblessedmewith,o
thoughtswhilerunning,o
ihavealoveandhaterelationshipwith,o
ifyoureallylikedme,o
sorrynotfuckingsorry,o
rappersweforgotabout,
thingsmorefamousthanusonedirection,o
somethingnewsunday,o
2yearswithsehun,o
flexfriday,o
replaceawordinamoviewithtampon,o
90sfollowtrain,f
mentionyourcrush,o
-------------------------------
replacefilmtitlewiththewordminge,o,2,g
7thgradeconfession,f
827dayswithexo,o
knowthetruth,f
30questionsforariana,o
endofthewordconfessions,o
somethingisayalot,f
worstrappersalive,o
aftersexconversations,f
itsalwaysagoodtime,f
shelooksoperfect,o
storyofmylifeouttomorrow,o
myfavoritesongsof2012,o
4famouswords,f
whatobamataughtme,o
thisiswhywechop,o
pressuringquestions,o
onethingaboutoomf,
whenitshotoutside,o
deepnurthoughts,o
replacemovietitleswithpope,o
byefreakinbrothers,o
youknowyoureindianwhen,f
somethingcute,o
thingsbetterthannickiminaj,o
relationshipsare,o
whenithinkaboutoomf,f
everyonehasthat1familymemberwho,f
somepeopledont,f
7factsaboutmybestfriend,f
wordsisaywhenimmad,f
happy6002day,o
iftheydontgivehead,o
wheniwasyourman,o
waystogetablackpersonmad,f
donstopmusicvideo,o
mynamewassupposedtobe,o
thatstheshitilove,o
womenlieabout,o
20peoplethatilove,o
dontsignwithmodest,
dontcutaid,
3wordstodescribeme,f
allrelationshipsneed,o
cleanyourslate,f
its2013youcanstop,f
replacesongswithjomblo,o
styledtorock,o
listofturnons,
thoughtswhilebubbling,o
mentionpeoplewhoneverforget,o
1000ghettowaystodie,f
shitnoonefrommasays,
laughurassoff,o
iwenttoaschoolwhere,f
whoremembersthatshow,
replacemoviewithdurian,o
addwankingtoafilmtitle,
mentionsomeoneyourgladyoumet,o
whitegirlsfamouslines,
allaboutsoccer,f
transformationtuesday,
setgoodtuesdays,f
butugotthatiphone5tho,o
thingsisayinschoolthemost,o
mentionyourcutestfollowers,o
replacerihannasongswithvagina,f
replacemovietitleswithnigguh,o
stupidstereotypes,o
thisisthem,
weallhavethatoneperson,o
thatstheshitidontlike,o
90sbabyfollowtrain,f
rappersthathavegonemissing,o
replacemovietitlewithminion,o
jamaicanlyricsyouliketoscream,o
replacebandnameswithass,o
doesthatme,o
ownthecampus,o
makeascene,
howtomakemesmile,o
mentionanaddiction,f
peoplethatdonttextback,o
10reasonswhyyoucantsleep,o
itsmorefuninthephilippines,o
2yearssincesosick,o
10artistsiwanttomeet,o
3videos,f
youmightbestupidif,o
10peopleyoutrulylove,f
popularfemalelines,f
jetlaggedface,o
gamesfemalesplay,f
quickestwaytoendupsingle,o
allaroundtheworldpeoplelovethewanted,f
theworstmyth,o
tagyourcutestfollower,o
ifiwonthelottoiwould,o
awkwardfacebookstatuses,o
whitegirlsbelike,o
youcantbeinarelationshipwithme,o
waystopissoffyourvalentine,f
biggestliesgirlssay,f
replacemovietitlewithratchet,o
thingsmorepopularthanabbott,f
ieasilygetmadat,f
tmzaretheworstcelebritynewssiteever,o
thatstheshitilike,o
tipsforyear7s,f
imthepersonwho,o
dirtyfanfiction,f
20songsilike,o
poorbracketchoices,o
votewhatmakes,o
whenimsadiliketo,o
travelboldly,f
1yearoflittlethings,o
judginyou,o
giveyutheshenmuelicense,
popularinthe90s,o
youknowyouarefromtheonedirectionfandomwhen,o
thingsinmylifethatarepriceless,f
geminisweare,f
rememberwhenweusedto,o
watchingresults,o
bandsaccordingtofangirls,o
sometimesallagirlwants,o
mentionsomeoneveryspecial,o
thingsmoreharmfulthanmarijuana,f
mentionwhotwitconawesome,o
getusedtogreat,o
somethingigetalot,o
cantafford4more,o
thingsboysdowelove,f
musicthatdontmatch,f
nationaltextyourexday,f
mypornmovietitle,o
15thingsaboutmycrush,f
dontendmeribhabhi,o
bestmagicever,f
promposal,o
takeapicturelikeatwitterbitch,o
thingsihateonfemales,f
999whatsyouremergency,f
mentionsomeonewithafatass,o
tagforlikes,o
youremoreattractive,o
textsthatgetnoreply,f
imaacelebrity,o
replaceamovietitlewithbeard,o
in4thgrade,f
ifweredating,o
tweetaphotothatsumsupyourfriendship,o
thingsyousaytoyourbestfriend,f
illneverdateapersonwho,f
musicmadetoroar,f
getreadyforguy,f
thingsthatmakethugscry,f
thingsnottowearinpublic,f
fcukitsaturday,o
myboyfriendnotallowedto,f
mentionsomeonewhoisawesome,o
mentionsomeonewhocanalwaysmakeyousmile,o
worstbreakupexcuses,f
darkestbeforedawn,o
sideeffectsofyou,f
replacemovienamewithexam,o
noseaworldmacys,
ialwaysliketo,f
peopleoverpolitics,f
iusedtowonder,f
thingsyouneverwanttohear,f
voicesave,f
10likes,f
ifyoureallycared,o
thingsbetterthanpaulsboutique,o
ruinarealityshow,o
thingstodowhilegettinghead,f
thingswhitepeoplegetarrestedfor,f
mentionsomeonehandsome,o
inelemantaryschool,o
findme4u,o
ruinaband,o
weakfor,f
ifieverseezimmerman,o
scandalthursday,f
20thingsaboutmyboyfriend,f
offline4sleep,o
1thingaboutmyself,o
reasonstolovedinah,o
whatnottodoincourt,f
thingswedoatthemovies,o
thoughsduringschool,o
curlyhairproblemsnight,f
1ofmyflaws,o
thingsyouwillneverhearobamasay,f
allthatmattersvideo,o
youarearepublicanwhen,
iknewyouwerenttheonewhen,o
myworstcar,f
wrongtimetoyellturnup,f
whatdoyoudonoters,
thisisstyle,f
youaintnogoodif,o
imsureweall,o
ifpokemonwasreal,o
imsomiddleclass,f
uturnonspinnation,o
dontbethatathlete,o
shithoessay,f
yeahiwantthat,o
youdontlovemeif,o
dothemoves,o
nomondayiscompletewithout,o
afollowerthatiwannafight,o
10reasonswhyiloveyou,o
socialshakeup,f
8reasonswhyimontwitter,o
weallknowsomebodythat,o
maybe2013willbring,f
whenilikeaperson,f
20factsaboumybestfriend,o
thebestfeelinginarelationship,o
movieloverssweeps,o
30actorsthatilove,o
5bestsmells,o
90ssayings,o
maythe4thbewithyou,o
girlstravel,f
whatidowheniamalone,o
moralmonday,f
fourwordbible,f
tweetyourrelationshipstatus,f
movietitlesthatdoubleasporntitles,f
2terms,f
standwiththe70,o
onvalentinesdayillbe,o
thoughtsduringschooi,o
catsaresmart,f
feellovely,o
olddisneychannelmemories,o
replace1dlyricswithlingerie,o
ifobamadontwin,o
ifiwonthemegamillions,o
whatmostwomanwant,o
likes4likes,f
worstfiftyshadesaudiobooknarrator,f
goldendawn,f
ifweretogether,o
myboyfriendisnotallowedto,o
tomyfuturechild,f
mentionadislike,o
mydreamhome,o
reasonsyoucantfindaman,o
mylovefromanotherstar,f
childhoodfears,o
ilovepeoplethat,o
mentionsomebodyyouridefornomatterwhat,o
10stonetesticles,o
promposal,f
compareyourfriendstofootballers,o
betterwithfriends,f
indirectyourex,o
thoughtsinthehallways,o
pickonlyone,o
bestsportsrivalry,f
ifyouneed,o
liberaltips2avoidrape,f
2012hastaughtme,f
talkdirty2meme,o
escapefromplanetearth,f
thingsidowheniamhomealone,o
mentionsomeoneyoumiss,o
neversaynevermemories,o
wearethenowherekids,f
donttweetthis,o
ask5hanything,o
dontgiveupbecause,o
getclosergofurther,f
top10favoriteartist,o
louderreleaseweek,f
replace1dsongswithlettuce,o
outoftowngirl,o
dancertweets,f 
storyofmylifemusicvideo,o
thingswomensay2makemenmad,o
kissfresh,f
kissmecarly,o
favoritefemaleartist,o
backtoschoolwithheart,o
thingsguysdontsay,f
imagineifjc,
tweetyourfear,o
twitpicyourreactionifyouwonthelottery,
imthattypeofpersonwho,f
mythoughtsinthehallway,
iwishicoulddate,o
everybody6thwin,o
twafterhours,
bestbreakupexcuses,o
bestsongevermusicvideo,o
whocaresif,
iconmondays,
whatilearntontwitter,
mygirlfriendnotallowedto,o
aintitfun,
signstherelationshipisover,o
7daysofatsunset,f
wedemandavote,
tomyfurturekids,o
februarywishes,
lastlinesfromgreatbooks,o
than,
mentionsomeoneyouwouldsexuallydestroy,o
describeyourcrushinoneword,o
gotogohere,f
youknowyoulikeitwhen,
myfavorite90scartoon,o
250dollarscangetyou,f
signsyouregettingcheatedon,o
5songsthatmakemecry,o
thingsthatdestroysarelationship,o
peopleiwanttobukapuasawith,
embarrassyourbestfriend,o
dontfollowmeontwitterif,o
wetalkbeauty,o
replacebandnameswithtitties,o
thingsthatiloveinlife,o
replaceamovietitlewithhoe,o
mentionafolloweryouwouldsmash,o
thisweekiwillmostlybe,o
threewords,
whatreallyturnsmeon,o
fuckwithmeyouknowigotit,o
purpleyourprofile,o
relationshipwontworkif,o
tweelikeaguy,
femalesouthereshapedlike,o
likeforlikes,
lifewouldbealotbetterif,o
thecheappassess,
weirdfearsnight,o
nameaexyouwouldtakeback,o
nothumanworld,f
potterheadsalwayswithharry,f
aprilfooljokegonewrong,o
iconpopquiz,
theworkisworthit,o
aintnothingfunnierthan,o
dontcomeoverif,o
handsome,o
thingsthatmakemehulkmad,o
1thingthatgetsonmynerves,o
3000dayswithsuperjunior,
storyofmylifevideo,f
danceagain,o
7daysofsex,o
youwhocamefromthestars,f
springbreakforever,o
thoughtsinthehallway,
in9thgrade,f
signsthatyouugly,o
thatssexyashell,o
removeoneletterfilms,o
thingsthatiwanttohappen,o
8thingsicantlivewithout,o
simplegiving,
arabicmentions,
shanwnto500k,
blackmomscatchphrase,f
tellagirlsheisbeautifulday,o
iftheywerentfootballers,o
mybestfootballmemory,f
tweelikeagirl,o
howtobeagoodmother,o
20peopleithinkarepretty,o
chairmangiveaway,
galaxyplaytrackoftheday,
imnottheperson,f
howimetmybestfriends,f
5painfulthings,o
ionlygetmadwhen,o
reasonswhywedontgetalong,o
votawhatmakesyoubeautiful,o
4yearsofbaby,f
iamsomiddleclass,f
oomftaughtme,f
mentionsomeoneyoucareabout,o
whenitwascoolto,o
howfarwillyougo,o
getthatshitoffmytl,
peoplearequickto,o
icantbeinarelationshipwithyouif,o
blackfanproblems,o
mentionsomeoneyouloveandcareabout,o
thingsbetterthan1dmanagement,o
whenblackfolksthrowaparty,f
wewant5sosinsouthamerica,o
topretweetmax,
bestlinesinhiphop,f
replace1dlyricswithass,
thingsnottosayonthefirstdate,o
askbillie,
thingsthatscareobama,o
nomakeuptuesday,o
whatuniversityhastaughtme,o
whatblackpeoplereallymean,o
saturdaynightonline,o
igettiredofpeoplesaying,o
songsthatwillalwaysbump,o
iwishicouldmeet,o
bestfriendsmusicvideo,o
wewontgiveuponaliasad,o
textsthatgetyouscared,o
thoughstinthehallway,
imnotfallingforthat,o
proudtobecomate,o
stayingstrongtomorrow,f
embaressyourbestfriend,o
replacetitlesongwithjamban,f
mostoverratedclothingbrands,f
beautifullifephysicalcopy,f
replacefilmstitleswithvagina,f
reasonstolovetexas,o
girlfriendsbelike,o
describeyourselfwithapicture,o
abestfriendwill,o
inawhitehousehold,f
describeyourcrush,o
hatersontheinternet,o
mymomwouldbeatmyassif,o
mylatenightthoughts,o
nocitations,
oneofmyfavoritemoviesis,o
movieswerebestwhen,f
kissyouvideolaughs,o
twowordsblackpeoplefear,o
asdrakewouldsay,o
4pics1word,f
lyricsthatsavedme,f
upallnightfinaltwitcam,f
mentionsomeonecutesmile,o
50thingsaboutmytwitterbestfriend,o
yeahilovethat,o
whatdoesthefoxsay,o
replacebandnameswithpenguin,o
ivenoticedthat,o
sexythingsgirlsdo,o
madewithstudio,f
thatssoravenmemories,o
tweetapictureofyourboyfriend,o
haitianpronounciations,o
reasonstogetnaked,o
sometimesyoujustneedto,f
celebcalls,o
yieldtonone,o
thelastpartyever,o
initialsofsomeoneicareabout,o
imaweakfor,o
wearethepeople,o
littlethingsnumber1,f
mixedraceproblems,o
myworstfearis,o
10factsaboutmymum,f
ladiesloveitwhen,o
ifafricanshadarealityshow,o
telldaveeverything,o
iswearihatewhenpeople,o
psmywords,
87books68days,o
alovelikewar,f
weallhavethat,o
1thingaboutmyself,f
weareseditious,
mentionsomebodybeautiful,o
free4you2014,
favouritechildhoodbook,o
waystobeginsex,o
textmethat,o
tweetyourbiggestfear,o
thingsblackfolksdo2showoff,
youknowyouredutchwhen,
youaremoreatractiveif,o
pickoutmyflaws,
describeurexusingonlymovietitle,o
annoyingfbgirl,o
igowowwhen,o
thingsblackpeopletakeseriously,o
perfectchatuplines,f
muppetsmostwanted,
thatonepersoninschool,o
sleepingdogs,
givingtuesday,o
20thingsidontlike,f
givingtuesday,o
menitonsomeoneyourethankfulfor,o
strugglesofbeingcanadian,o
givingtuesday,o
almostisneverenough,f
callofdutyghosts,
thingsnottodoafterabreakup,o
19yearsoffriends,o
twitterfiction,o
rememberwheneverybody,f
fresheyes,o
1forthemostcountry,o
nameyourfavoriterapper,f
mentionthepersonthatyouloveontwitter,o
backwheniwaslittle,o
wecouldbelike,o
notonemore,o
ladylessons,o
thoughtduringschool,o
whitemomscatchphrase,o
youprobablyshouldnt,o
destroythejoint,o
ihaveaweakaspotfor,o
eventsthathappenatblackparties,
mixtapepromo,
popsaturdays,
mentioncutepeopleontwitter,o
mentionyourfaves,o
terrifyingifliteral,o
biggerbootyprobs,o
fatherlesssons,o
canibehonestwithyou,o
iftwitterdidntexistanymore,o
wordsafterbreakup,o
mentionsomebodyyoulove,o
youknowyoureaussiewhen,o
thingswhiteparentssay,o
femalesbelike,o
powermovesonly,o
favorite,0
comebackhome3rdwin,o
typesofrelationships,o
typicalloveproblem,o
TheWorldsUgliestUniforms,o
TheWorldsWorstNegotiator,o
getarealjobbitch,o
TheWorseGameRefereeEver,o
TheWorst#N##N#√¢‚Ç¨≈ì@KinsZilla:,o
TheWorst#N##N#√¢‚Ç¨≈ì@foreigncvrrency:,o
TheWorstFeelingEver√¢‚Ç¨¬ù{,o
TheWorstHasHappened,o
TheWorstHockeyFansOnThePlanet,o
TheWorstKindOfTorture,o
TheWorstMayorEver,o
TheWorstModeratorEver,o
TheWorstOnBookTour,o
TheWorstPartOfLiving#N##N#I,o
TheWorstPlaceToTurnIntoTheHulk,o
TheWorst√¢‚Ç¨¬ù#DumTweet,o
TheWortIsWorthIt√¢‚Ç¨¬ù,o
getbackyoubastardsI'marmed...you'renottakingthisfromme!!!,o
getboredtooquick,o
TheYearOfLivingDangerously,o
getcourageous#N#When,o
getdressedforsuccess,o
getdresseduptogetmessedup,o
TheYesMovementisBack,o
getexcitedy'all,o
The_End_of_The_World!,o
gethardmotherfukers,o
getharperthefvckoutofoffice,o
gethefunkoutofmyface,o
getsomefear,o
getsomelove,o
TheirBloodCriesOut,o
getspissedeverynight,o
TheirLossNotHers,o
TheirLoveWillNeverFade,o
TheirPitchIsWorseThanCroshaw!!!!,o
getthat$hitouttahere,o
getthatdirtoffyashoulder,o
getthatdogoutofmysight,o
getthatglueystickystuffoutofmyfood,o
TheeseBitchesOutrageous,o
getonthebusbitch!,o
getonmylevelbitchhh,o
Thedeathofreason..We,o
ThecourtshaveheldthatmarriedcoupleshavetherighttoBEGETchildren.,o
getoffmebitch‚Äù,o
Theboysarebackintown#Viper#builtwithLove,o
getmesomereflove,o
Thebestthingever#N##FWG_DHOTFAM,o
Thebestthingever,o
ThebestthingEver@thabza4nikdeep,o
Thebestofrivals#Hero's#Winning&amp;thehellofit,o
getloverdonewith,o
getlovemesorap#N#i,o
getlovejoyback,o
ThebBestDefenseIsAGoodOffense,o
getjessiepregnant2015,o
TheatreProblems‚ÄùnopeüòÇ,o
TheatreProblems‚Äùbig,o
gettheheckhome,o
TheatreProblems‚ÄùOMG,o
TheatreProblems‚ÄùME,o
getthehelloffmylawn,o
getthehellon,o
getthehelloutofTO,o
getthehelloutofamericaobama,o
getthehellover,o
getthehellup,o
TheatreProblems‚Äù#N#yes,o
getittogetherbitch,o
getthisbitcharissue,o
getthisbitchjennycraig,o
getthiscrazybitchoffme,o
getthisdraftright,o
getthisdriverofftheroad,o
getthisdudefired,o
getinthetrunkbitch,o
getinthekitchenbitch,o
Theanxietyiskillingme,o
getinthecaryoufatbitch,o
The_story_of_love#N#TheStoryOfLove#N#https:\/\/t.co\/VjJXI7B3fj,o
Themasteryoflove,o
gettingveryfedup,o
gettingthefeelingsback,o
ThemResultsAreGonnaShockPeople,o
gettingreadyforthetour,o
gettingreadyforasecondadventure.,o
ThemMyLoves‚Äù,o
gettingmyyouthback,o
gettingmystrengthback,o
gettingmyjobback,o
gettingmeinterested.,o
ThemDamnLesbians,o
gettingluckyagain,o
TheWestsideExperience,o
genuinelysoundsbad,o
TheWhiteManWouldScalpHimToo.,o
genuinlyfreakingout,o
geoffhatestimesquare,o
TheWildHairExperience!,o
geriatricslovewickedwillows,o
TheWinterStruggleIsReal,o
TheWinterThatWon'tEnd!,o
gerlerozstruggles,o
germanylovescimorelli,o
germanymissesyou,o
germanyworldchampions,o
germsonlyhygienistslove,o
geronimoiloveyou,o
TheWonderOfPork,o
TheWonderOfScripture,o
TheWonderOfSocialMedia,o
getAHoleInyourHead,o
TheWonderfulWorldofTV,o
TheWorld'sTallestMan,o
TheWorldAintSeenLoveLikeThis,o
TheWorldContinues2DoNothing,o
TheWorldIsFullOfFakeProducers,o
TheWorldLovesZiva,o
TheWorldNeedsLove‚ù§,o
getridofthe3,o
getridofthebeard,o
getridofthebush,o
getridofthecolonel,o
getridofthecones,o
getridofthecrazy,o
getridofthegoodsingers,o
getridofthegrime,o
getridoftheman,o
getridofthenoong,o
getridoftheshirt,o
getridofthetrophycabinet,o
getridofthevan,o
getridofthewonks,o
getridofthisfool,o
getridofthisruleatnextAGM,o
getridofthistweet,o
getridofthosekhackis,o
getridoftyga,o
getridofugtt,o
getridofuniform,o
getridofunions,o
getridofunionsinCA,o
getridofweirdEd,o
getridofyork,o
getridofyouposhelitetwats,o
getridoneMP,o
geteducatedbeforeyouspewhate,o
geteducatedfortheloveofgould,o
geteducatedinmusic,o
geteducatedintheLord,o
getdriverslisence,o
getdrobtheball,o
getdrunk#gethigh,o
getdrunkbutdontgotojail,o
getdrunkeatpoutine,o
getdrunkfastwhendrinkingduvel,o
getdrunkfeeldizzy,o
getdrunkwithdrseuss,o
getdrunkwiththeband,o
getcraigtocroatia,o
getcrawfordto677k,o
getcrazybecauseyoudeserveit,o
getcrazyinmatch,o
getcreativeatx,o
getcreativeinthedark,o
getcrystalofftwitter,o
getcthulhuout!,o
getcultured√¢‚Ç¨¬ù9,o
getcurrentwiththetimes,o
getcurtisto5k,o
getcustomfitted,o
getcuteasftomorrow,o
getcutetocleanup,o
gettoknowthemount,o
gettoknowtheofficeneighbours,o
gettoknowthesdkfam√¢‚Ç¨¬ùnov,o
gettoknowyou!,o
gettoknowyourcurator,o
gettoknowyourenemy,o
gettolayunderneaththestars,o
gettreatedlikeanadult,o
gettrendingworldwide,o
gettrevordouglasverified,o
geturmoneybooboo,o
geturmoneymihijo,o
geturmoneyup,o
geturownfollowers,o
getused2polident,o
getusedtobeingthere,o
getusedtodisappointment,o
"getusedtoit"",o
getusedtonosleep!!,o
getusedtoseeingthis,o
getusedtothatinNica,o
getusedtothenewnormal,o
getusetothedollarmenu,o
getusetothis,o
getwellWanga,o
getwellbeauteenchoiceawards2014,o
getwellbewellstaywell,o
getwellcoondad,o
getwellcupcake,o
getwellfastSolena,o
getwellgetwellsoonwewantyoutogetwell,o
getwellhatdy,o
getwellingtonson,o
getwelljerruh,o
ThenEatItAll,o
getwelljonknight,o
getwellkiddies,o
getwelllilbeastie,o
getwellmikewallace,o
getwellsagarika,o
getwellsooduper,o
getwellsoomzayn,o
getwellsoon#N##PrayForAugust,o
givemoneytoacharityyoutrust,o
givemoredemandless,o
givemorelove,o
givemoremoneytodaddy,o
givemorethanmoney,o
givemorethanwetake,o
givemorethanyoutake,o
givemoretoexeter,o
givelosmatadoresachance,o
givelouisabuzz,o
givelovetothebiguglies,o
givemaddieagrammy,o
givemangoyourenergy,o
givemarkachance2k15,o
givemarshawntheball,o
givemarvelbacktheff,o
givemasonhisownccsfoundation,o
givekarahabigfatraise,o
givekardishacall,o
givekevinthemic,o
givekmooncredit,o
giveknockyanewcontract,o
givekpopachance,o
givekuwaitontheroadagaintour,o
givekwongachance,o
givelambertastart,o
givelanceatbats?,o
givelifebacktomusic,o
giveitheart,o
giveithere!,o
giveitheremalfoy,o
giveitmyall.,o
giveitmybesthot,o
giveitourbest,o
giveitout,o
giveitringo,o
giveitroot,o
giveitscullymonday,o
giveitsomethought,o
giveanimalsavoice,o
giveanimalsthevote,o
giveanoldjokeahome,o
giveanotherdivaachace,o
giveanothertry,o
giveanythingago√∞≈∏Àú≈í,o
giveaporkscatchinahome.,o
giveapoucharide,o
givearaptorahome,o
givearookiegoalieabreak,o
giveartiststhepaymenttheydeserve2k15,o
giveabeatingonabudget,o
giveabiggerwhistlethanalittlewhistleforthelongweekend,o
giveabinahug,o
giveabittakeabit,o
giveaboyachance,o
giveabrothaachance,o
giveabrotherabreak.,o
giveabrotherabreak.,o
giveabrotherabreak.,o
giveabrotherabreak.,o
giveabrotherabreak.,o
giveabrotherabreak.,o
giveabrotherabreak.,o
giveabrotherabreak.,o
giveabrotherabreak.,o
giveabrotherabreak.,o
giveabrotherabreak.,o
giveabrotherabreak.,o
giveabrotherabreak.,o
giveabrotherabreak.,o
giveabrotherabreak.,o
giveabrotherabreak.,o
giveabrotherabreak.,o
giveabrotherabreak.,o
giveabrotherabreak.,o
giveabrotherabreak.,o
giveabrotherabreak.,o
giveabrotherabreak.,o
giveabrotherabreak.,o
giveabrotherabreak.,o
giveabrotherabreak.,o
giveabrotherabreak.,o
giveabrotherabreak.,o
giveabrotherabreak.,o
giveabrotherabreak.,o
geturownfollowers,o
geturefactsstraight,o
geturaccentsright,o
getupoutmytwitter,o
getuponyourfeet,o
getuponthatstagegirl,o
getupnwatchthesunrise,o
"getupgethealthy"",o
getupfrontanddrive,o
getupearlyer,o
getyourpitchforks,o
getyourplugsin,o
getyourpopcornready√¢‚Ç¨¬ù.,o
getyourprioritesstraight,o
getyourprioritiesinordertwitter,o
getyourprioritiesrightbarnaby,o
getyourscienceon,o
getyourscienceright,o
getyourselfadayjob,o
getaJamesBondhaircut,o
get_the_handbook,o
get_her_number_smoothly,o
get_it_next_time,o
get_rid_of_locker_codes,o
getYourOwnHashtag,o
getYourQuestionsAnswered,o
getYourTissuesPeople,o
getYourWaistTrainerOut,o
getYourfactsright,o
getYourHeadChecked,o
getYourArseOffTheBed,o
getYourArsesIntoGear,o
getWithItStoops,o
getThickerskin,o
getYOURhouseholdinorder,o
getVickytoParis,o
getYoFactsStraight,o
getTrentandLuketo100k,o
getURheadsINtheGAME,o
getURkidsundercontrol,o
getTannerOnSportsCenter‚Äù,o
getTashastealShawn,o
getThatWin,o
getTheDemonOut,o
getTheFridayFeeling,o
getTheHotCakes,o
getTheMafsAseries,o
getTheMostOutofLife,o
getTheReference,o
getTHEgreyCUP,o
getTATonTheAnnouncements,o
getStrogintheAyrshireTeam,o
getRecharged.,o
getOutOfMyWay,o
getOutOfYourFeelings,o
getOutOrDieTryin,o
getOutTheGame,o
getOutTheVote,o
getOutDilma,o
getNealtotheHills,o
getMeCoat,o
getMaariacoffee,o
getLaurenverified,o
getKBsomehelp,o
getKamoffTwitter,o
getKateashow,o
getItForward,o
getItOutOfTheWay,o
getItStarted,o
getItTogetherBeforeILeave,o
getIntoIt,o
getHerOnThePhone,o
getHarryontwitter,o
getHERname,o
getFULLYhealthy,o
getBehindOurCaptain,o
getBackToWork?,o
getAnEducation,o
getArealJobTom,o
getAmandatowork,o
getAmazonBackUp,o
get#there#eventually,o
get#thislady#offthestreets,o
getitoutofmyhair,o
getitonthemenu.,o
getitontheplaylist,o
TheatreKidTrainWreck,o
getitonlineE,o
getitnexttime,o
getitoffthebooks,o
getitfromme‚ÄùüòÇ,o
getitfixednow,o
getitfilthy,o
getitdownyourneck,o
getitdoneüèà,o
getitdoneorgetfired,o
getitcrushed,o
getitbackinorder,o
getitbackupnorth,o
getinmysquad,o
getinmystate,o
getinmystore,o
getinmysuitcase,o
getinlinegentlemen,o
getinarowboat,o
getillandtakemeds,o
gethuntertolamar,o
gethypedforcricket,o
getabottleopener,o
getabloodylovelife,o
getabettermanager,o
getmoreclubsoda,o
getmorelemons,o
getmorepieces,o
getmoresnacks,o
getmorestuffin,o
getmycricketbat,o
getmydatesright,o
getmymoneyhoe,o
TheWendyWilliamsShow!!!!!!!!,f
TheWestIsTheCoast,f
TheWestMinsterUnionistRoadShow,f
TheWestCoastIsTheBestCoast‚Äú@nsalcido:,f
TheWestImpossingOnAfricaAgain,f
TheWestIsFreo's,f
TheWesternConference,f
TheWesternDistrictWay,f
gentilestruggleisreal,f
gentinggivesyoumore,f
TheWetSuitsAreBack,f
gentlemenofthegame,f
gentlemenofthegame,f
TheWhipChoseMe,f
gentrificationisasymptom,f
TheWhiskyIsStillFlowing,f
genuineguydonlossthat,f
TheWhiteWhitePlatoon,f
TheWholeBLOODboughtChurchOfChrist~Prayerfully,f
TheWholeOfTheMoon,f
TheWholeTeamDrinking,f
TheWholeStationDoesIt,f
TheWholeWorldIsWaiting,f
TheWholeWorldIsWatching.,f
geographyisdifficult,f
geographyisimportant,f
geographyisnotyourstrongpoint,f
TheWholeWorldNeedsBeaMiller‚Äù,f
TheWholeWorlldIsWatching,f
geographyrulesall,f
TheWickedAlwaysWork,f
TheWifeAlwaysWins,f
TheWifeLovesThem,f
TheWifeOnTwitter,f
georgebestisawinger,f
TheWillPowerInstinct,f
georgegetsit,f
georgeisdead#N#Let,f
georgeismyhusband,f
TheWindBlewMyWeaveToMyFace,f
georgesayersbeenridindirty,f
TheWindMustFall,f
TheWindOfChange,f
TheWindFromTheSun,f
TheWindWillNotWin,f
TheWindsAreChanging,f
TheWindyWindsAreGusting,f
TheWindyWindsAreStillEveryWhere,f
TheWingIsTheThing,f
TheWinnerKeepsCalm,f
TheWinningEdgdeConference‚Äù,f
geraheadsneedtoknow,f
gerainttakesnoprisoners,f
geraldthebusdriver,f
TheWinningIsSoMuchSweeterWhenTheBattleWasAToughOne,f
"TheWinterIsHere"",f
TheWintryMixIsFlyingThisAM,f
germanboysarebetter,f
germanchoclateisthebest,f
TheWisdomOfChildren,f
germaninthebattleofthesomme,f
TheWisdomOfJames,f
germanscandunk‚Äùdirk,f
germansdestroyingeuropeagain,f
germanshepherdbuddies,f
germanversionofvidcon,f
germanwordsaretoolong!,f
germanworldcupwinner,f
TheWishingKidsFoundation,f
TheWizardOfWinter,f
TheWolfConnection,f
TheWolfIsWatching,f
gerrierisalwaysworking,f
gerrygottheeasyset,f
TheWolverinesAreBack,f
TheWomanInBlack2‚Äù&lt;,f
TheWomanIsAlwaysRight,f
TheWomanOfMensDreams,f
TheWomanOfTheYear,f
TheWomenHaveSpoken,f
TheWonderList!,f
TheWonderfulStoryOfBackTat,f
TheWondersofLivingAlone‚Äù,f
TheWondersofMusic‚Äù@musicmarkuk,f
TheWorcesterWayIsTheWrongWay,f
TheWordICouldntKeep,f
TheWordIsTheAnswer,f
TheWordOfGodIsPower,f
TheWordOfTheLordIsSure,f
TheWordsAreOnlyOnTheScreenForSoLong,f
TheWorkAndTheGlory,f
TheWorkNeedsToGetOut,f
TheWorkOutLife,f
TheWorkerHasNoCountry,f
TheWorkingDead2015‚Äù,f
TheWorldAccordingToDerp,f
TheWorldAgainstChelsea,f
TheWorldAwaitsMyArrival,f
TheWorldBeforeTheWeb,f
TheWorldBeforeUs!,f
TheWorldBetterPrepare,f
TheWorldCanChange,f
TheWorldCanComeVisitMeIAintMovingOutOfMyZone,f
TheWorldDoesKnow,f
TheWorldDoesn'tCareAFlipAboutUs...#JustDoRight,f
TheWorldDoesntRevolveAroundFootball,f
TheWorldHasBeenUnlocked,f
TheWorldIsAFamily,f
TheWorldIsAPrettyFunnyPlace!,f
TheWorldIsNotFair,f
TheWorldIsProbablyEndingSoon‚Äù,f
TheWorldIsRight,f
TheWorldIsSoLuckyToHaveYou,f
TheWorldIsWatching.,f
TheWorldIsWatchingMarianne,f
TheWorldLooksSmallFromWhereUStand,f
TheWorldMakesSenseAgain,f
TheWorldMayNeverKnowJoel,f
TheWorldMustSeeThatSongComeToLife,f
TheWorldMustUnite,f
TheWorldNeedsLittleMix,f
TheWorldNeedsMoreChristinaA's,f
TheWorldOfDC..Photographs,f
TheWorldOfWorkHasChangedForever,f
TheWorldOnItsHead,f
TheWorldPartnershipWalk,f
TheWorldRespectsJustinBieber‚Äùwe,f
TheWorldThroughTheEyeOfASpliff,f
TheWorldWantsToSeeThis,f
TheWorldWantsYouToShutUp.,f
TheWorldWillBeWatching,f
TheWorldWillNevaKnow,f
TheWorldWillNeverUnderstand,f
TheWorldWillUnite,f
TheWorldisOurs!,f
TheWorldisYourHomeland,f
TheWorlds50Best.,f
TheWorldsAColdPlace,f
TheWorldsFavorite??,f
TheWorldsFirstAnimePodcast,f
TheWorldsGoneMad‚Äù,f
TheWorldsPrettiestDog,f
TheWorldsResolveMustBeBoundless,f
TheWorldsSafestAirline,f
TheWorldsSecondBestLibertarian,f
TheWorldsYourOyster,f
TheWorldthanksyou,f
TheWorldwideFollower,f
TheWormsCrawlInTheWormsCrawlOut,f
TheWrathOfBortles,f
TheWrathOfCowherd,f
TheWreckoningPart2,f
TheWriteExperience‚Äù,f
TheWrongKindOfWoman,f
TheXFilesIsBack,f
TheXFilesRevival!Perfect,f
TheXFilesisBack!,f
TheXTerraIsOurs,f
TheYaisoonWave,f
TheYalls.,f
TheYancyStreetGang,f
TheYearInBoads2K15,f
TheYearOfBeezo,f
TheYearOfCornersCut,f
TheYearOfGrownHyuk,f
TheYearOfJanJab,f
TheYearOfRihanna,f
TheYearOfTheGrunt,f
TheYearsareCatchingup,f
TheYellowFeather!!!,f
TheYellowHoods#N#,f
TheYellowLightProject#N##N#Just,f
TheYesMovementisBack,f
TheYokesOnMe,f
TheYoung&amp;TheFoolish,f
TheYoungBillDance,f
TheYoungBucksFutureWrestling!,f
TheYoungCreativeAwards,f
TheYoungGunsTearItUp,f
TheYoungOnes!)#N##N#https:\/\/t.co\/FmUXruJlM5,f
TheYoungProgrammers,f
TheYoungScrewThemselves,f
TheYoungUpComingStar&amp;Legend,f
TheYoungVinceYoung,f
TheYoungandTheProdigiousTSspivet,f
TheYoungandtheRestless!,f
TheYoungerLook,f
TheYoungsDontStandAChance,f
TheYouniqueFoundation,f
TheYoursTrulyEra,f
TheYouthAreMisguided,f
TheZListGetsDancing,f
TheZeitgeistMovement:,f
TheZenMasterEffect,f
TheZeroWasteSolution,f
TheZoneOfInterest,f
TheZorroOfDiddlers,f
The_Best_In_The_World,f
The_Electric_Version,f
The_Empire_Strikes_Back,f
The_End_of_The_World!,f
The_Light_Shone_on_the_Bully,f
The_Missing_Underscore.,f
The_Light_Shone_on_the_Bully,f
The_Missing_Underscore.,f
The_Plot_against-the_NHS,f
The_Pride_London!!,f
The_Red_white_Girl,f
The_TavsAreMyFav,f
The_Webs_we_weave.,f
gethisknowledge,f
The_family#N##psmchs,f
The_fault_in_our_stars,f
The_phantom_will_be_released.,f
The_spread_of_lslam#N##N#complete,f
The_story_of_love#N#TheStoryOfLove#N#https:\/\/t.co\/VjJXI7B3fj,f
The_truth_has_been_spoken,f
TheaIsTheRealTash,f
Theamountyouknow,f
Theangelskillit,f
Theanxietyiskillingme,f
Theaqueenmuststay,f
TheaterShootingTrial,f
TheatreIsGoodForYou,f
girlswhobreatheair,f
girlswhocancook,f
girlswhocanweld,f
girlswhocode‚Äù,f
girlswhodiet,f
girlswhodocommunityservice,f
girlswhoeatcustard,f
girlswhoeatpizza,f
girlswhofixthings,f
girlswholikeshortguys,f
girlswholovefootball‚Äù,f
girlswholovehorror.,f
girlswhospeakspanish,f
girlswhostream,f
girlswhosweep,f
girlswhotalktomyboyfriend,f
girlswhowatchfootball,f
girlswhowearjordans,f
girlswhowearleggingsarenttough,f
girlswhowearsweatpants,f
girlswhowearthesameclothes,f
girlswillbehatingevenmore,f
girlswithbeautifuleyes,f
giulianiobamacomments,f
give-me-everything,f
giveAlanashoutout!,f
giveAshesiAcharter,f
giveBajablackcard,f
giveCelebrateMarian!,f
giveCosmoABell's,f
giveDezagooddeal,f
giveEmHellBernie.,f
giveFACTachance,f
giveFitzabreak,f
giveFoxesandHoops3pointstohelpsendViledown,f
giveGlory2theLord,f
giveHIMakiss,f
giveHimARose,f
giveHimTime,f
giveIrelandachance,f
giveItAtLeastADayB4UChirpz,f
giveItToYou,f
giveItaDayItWillChange,f
giveKOTRachance,f
giveKatachildhood,f
giveLevaAChance,f
giveMEsomeLOVEnot1984,f
giveMattasecondchance,f
giveMeAReason,f
giveMeAnR,f
giveMeLife,f
giveMeMyCousinBack,f
giveMeMyQuarter,f
giveMeOneChance,f
giveMeSome,f
giveMyHatBack‚Äù,f
givePGachance,f
givePeaceachance,f
givePrincePhillipabreak,f
giveRyderachance,f
giveSlaterAChance,f
giveThemAChance,f
giveUsAChance,f
giveYourTamponsToVampires,f
giveabandacamera,f
giveabeatingonabudget,f
giveabiggerwhistlethanalittlewhistleforthelongweekend,f
giveabinahug,f
giveaboyachance,f
giveabrothaachance,f
giveabrotherabreak.,f
giveachildanightmare,f
giveafollowplz,f
giveaguyabreakinlife,f
giveaheelstomp,f
giveahomieachance,f
giveahookreadaspook,f
giveakidalike,f
giveakidhighfive,f
giveakidneyforanightwithher,f
givealambahome!!,f
giveall20clubsequaltvtime,f
giveallyearround,f
giveamanhismoment,f
giveamugahug,f
giveanimalsavoice,f
giveanimalsthevote,f
giveanoldjokeahome,f
giveanothertry,f
giveashitlevelisatzero,f
giveashyourseflie,f
giveasinglemumabreak,f
giveasyougrow,f
giveasyoulive,f
giveatreeahug,f
giveawaiteralaughday,f
giveawarningfirst,f
giveawarningnexttime,f
giveaway.RT&amp;follow:,f
giveawayPerfectSHARKK¬Æ40W,f
giveawayhypeisreal,f
giveawayoftheyear,f
giveawaysallday,f
giveawayshelpcontest,f
TheseThotsCouldntStripAnyway,f
giveayouwings,f
givebackcrawfordsaccount,f
givebackmovement,f
givebackmysocks#imbetterthanu,f
givebackourgame,f
givebackourland,f
givebackourlengendary,f
givebackphilippines,f
givebackstehensjacket2k15,f
givebacktothegame,f
givebacktothepoor,f
givebacktourcountry,f
givebackyourfancard,f
givebeardsasay,f
givebeastmodetheball,f
givebenavoice,f
givebetterwarnings,f
TheseVagabondShoes,f
givecaniachance,f
givecathyhermoneyback,f
TheseWillBeMyVows,f
givechangeachance,f
givecheltsachance,f
givechildrenachildhood,f
givechzachance,f
givecoinstome,f
givecommercialsachance,f
giveconortickets,f
givecrawfordhisaccback,f
TheseYoungunsAndTheirMusic,f
Thesearen'trefurbes,f
TheseareschoolgirlsinNiger,f
ThesearetheDJsyouarelookingfor,f
ThesecretHeartbeatofamerica,f
Thesecretislaughter,f
Thesecretlifeofanamericanteenager,f
Thesecretlifeofanamericanteenager,f
Theseguysareslow,f
Thesekidshavenoidea,f
Thesewannabehoesaintloyal,f
Thesignsaiditall,f
Thesimplethingsinlife,f
Thesinglelifestruggle,f
ThesisClickvait,f
ThesisOnTheBachelor,f
Thesizeofsoybeans,f
Thesnowmustgoon,f
Thesoundofsuccess,f
Thesouthwillriseagain,f
ThespianInTraining,f
ThespiansConnectThroughCyberSpace,f
Thestableforwinners.,f
ThestartersAndThePuddings.......,f
Thestrongestoppositioneva,f
ThestruggleInBeingBlack,f
Thestrugglesofagoodman,f
Thestupidthingsscrawniesays‚Äù,f
Thesummerisours,f
Thesunisnotyourfriend,f
Thesunwillcomeoutomorrow,f
Thesuperhuman#N#Woooooooowwwwwwwwwww,f
Thesuperhuman.......v,f
Thesuprthumanthroughmeditation,f
Thethingswedoforwifi,f
givemeyourmoneyandIwillletyoulive,f
Thethirstisreal!,f
ThethreeMusketeers,f
Thetideaustinfollowspree,f
Thetoasteroffire,f
Thetruthhasnochill‚Äù,f
Thetruthhurtsbabes,f
Thetruthishestrash,f
Thetruthmarcheson!!!,f
Thetruthtoldontwitter??,f
Thetruthwillbeexposed,f
TheusticeOfInjustices,f
ThevampsRuinedMyLife,f
Thevampstomalaysia,f
Thevampsvip#N#PLEASE,f
Thevintagecosmeticco,f
Thevirginway.#N##50:50,f
Thevoiceontvsoon,f
Thewaitisdisturbing,f
Thewalkingdead!!!!,f
Thewalkingdeadisreal,f
ThewayGovUKdoesit,f
Theweirdgetweirder,f
giveusbackourwarehouse,f
giveusbackthebeautifulgame,f
ThewifeisfunnyasMelandSue,f
votefifthharmony,f
theyretheone,f
votelittlemixuk,f
britonedirection,f
onedirectionbrit,f
peachesfollowtrain,f
5secondsofsummer,f
voteonedirection,f
teamfollowback,f
closeupforeversummer,f
follow2befollowed,f
motavatormonday,f
celebrityawards2015,f
followmejosh,f
20daysofdallas,f
preorderreflectiononitunes,f
wolfonmoviesnow,f
onetreehill,f
walkaway5days,f
biggestfashionsaleever,f
letsnotbealonetonight,f
woulduloveme,f
kidinloveatmidnight,f
lovetoseemsg13feb,f
shawnsfirstheadlines,f
apieceofme,f
romeoplaystitches,f
hollywoodmusicawards,f
superwomaninmumbai,f
themoreyouknow,f
internationalwomensday,f
thestruggleisreal,f
captainamericaonstarmovies,f
fullonfashionatsnapdeal,f
shotstonumberone,f
saturdaynightonline,f
makeithappen,f
liveformore,f
nashsnewyearsskit,f
neverbealoneofficialvideo,f
hearhollywoodawards,f
masterofallwisdom,f
makesomeonesdayin3words,f
apieceofmeonitunes,f
tellmewhatyouthink,f
walkaway3days,f
msgdoing111welfareworks,f
votefornesha,f
ontheroadagain1d,f
blizzardof2015,f
starworldweekendbinge,f
valentineswithfans,f
digitalbanegaindia,f
seewhatididthere,f
sixseasonsandamovie,f
preorderhandwrittenatmidnight,f
nationalbestfriendsday,f
bringbackourgirls,f
bcozeverydadisdifferent,f
fiftyshadesofgrey,f
onelasttimevideo,f
closeupfreshcrew,f
maleficentonstarmovies,f
happybirthdayjustinbieber,f
onstagewiththevamps,f
internetbestfriendday,f
justinandarianaonshots,f
whataboutloveto100m,f
msghelpearthquakevictims,f
weallareshots,f
liestoldontwitter,f
preordernotanapologyonitunes,f
100kfollowspree,f
therewillbehaters,f
buyblackmagiconitunes,f
caughtyouoncctv,f
cuffmedanny,f
artistoftheyearhma,f
tokiohotelfollowspree,f
thisisstyle,f
ilovesuperjunior,f
50shadesofgrey,f
maythe4thbewithyou,f
canwedanceusa,f
avengersageofultron,f
itstimetobreakup,f
realsaleatcroma,f
givedivasachance,f
maejormeandyou,f
chickenfriesareback,f
jabongpresentsbugatti,f
itsascience,f
vevoaskreply,f
iloveyou,f
wearewithgautam,f
smartviberpublicchat,f
2daysuntilhandwritten,f
amexseasons52,f
madamsecretarywithaxn,f
whatyouthink,f
isupportmsginpunjab,f
24hrsofradissonsweeps,f
5onthewall,f
shotsupdatenextweek,f
bartandnashscontest,f
yeswecan,f
dilkidealonsnapdeal,f
likethatvideo,f
thisgirlcan,f
whataretheodds,f
leadwithgiants,f
savedyouaclick,f
wearethepeople,f
teachmesenpai,f
gotseason5,f
facetimemesteven,f
ontheroadagain2015,f
onelasttimeonitunes,f
marketingthatrocks,f
wontgiveitback,f
wouldulovememusicvideo,f
stitchestvtakeover,f
phoebetommoisthequeen,f
caylenfollowparty,f
thrillnightsonaxn,f
celebratenextwithcroma,f
ThemDwarvesAreComical,f
gettingitinoneissomucheasier,f
gettingitinthekitchen,f
gettingitoutofmysystem?,f
gettingitrighteverytime,f
gettingitrightthefirsttime,f
gettingitright‚Äù,f
ThemContinentsRight,f
1dfamheretostay,f
reflectiontourkickoffspree,f
tomlinsonslaysagain,f
candiscoveranewyou,f
closeupatytff,f
offendeveryonein4words,f
freecommunitycollege,f
shawnsfirstheadlinestickets,f
neoselenahangout,f
marriedatfirstsight,f
wewantfree,f
stopwhitepeople2015,f
womenagainstfeminism,f
stitchesofficialvideo,f
freecharge2020,f
battlefornumber10,f
zaynyouremysuperhero,f
dylancollinsforpresident,f
djpmostwantedconcert,f
addrudyonshotsjustinbieber,f
standupontwitter,f
hardworkpaysoff,f
dazedandconfusedtour,f
meatballs4gameday,f
abcd2in3dthisfriday,f
gautamtowinbiggboss,f
worldwithgautamgulati,f
manwichmondays,f
shawnsfirstheadlinesus,f
istandwithisrael,f
littlemixfridayfeelingfollowspree,f
1991followspree,f
wetriumphstill,f
makeyourmove,f
skypereeceandcharlie,f
gettingintonetball,f
gettingitdone@Fisher,f
ThemFreeKicksThough!,f
gettingitwhilethegettingsgood,f
gettingkickedoutofsaa,f
gettingkickedouttheclub,f
ThemEggsAintLoyal,f
gettinglikemanu,f
gettingknowwherefast,f
gettinglaidforsayingthat,f
gettinglaidtonight‚Äù,f
ThemExperiencedGyal,f
gettingmarriedin5months#opps,f
gettingmorebrown,f
gettingmeinterested.,f
ThemFloridaBoyz,f
gettingmixeduphere,f
gettingmorerightwingwithage,f
gettingmoresmart,f
gettingmyclubsout,f
gettingmycultureon,f
gettingmyhashtagready,f
gettingmyheadshotsready,f
gettingmylegsout,f
ThemGogglesTho,f
gettingmylifebackontrack,f
gettingmylifetogether‚Äù??????????????,f
gettingmylifetogether‚Äù????????,f
gettingmyjobback,f
gettingmymoneyworth,f
"gettingnasty""‚Äù#N#??obviously,f
gettingnerdywithit.,f
ThemGrammysTho,f
gettingnothingdonefortherestoftheday,f
gettingnothingdonenow,f
gettingnycardtomorow,f
gettingoffatthenextstop,f
gettingoffoftumblr,f
gettingoffthecouch,f
gettingoffthedrungs,f
gettingoffthefence??This,f
gettingokaywithit,f
gettingold&amp;dull,f
gettingoldainthe,f
gettingoldandconfused,f
gettingoldandcrumbly#N#Have,f
gettingolderbutfaster,f
ThemHawksTho,f
gettingoldermeansgettingcolder,
gettingoverherselfgoals,f
gettingpaidbytheday,f
gettingolderwiserbaker,f
ThemInsideJokesTho,f
ThemJeansWithTheWings,f
ThemKangsWasJustTheBest,f
gettingoldneedssleep,f
ThemKidsGotYouTired‚Äù,f
gettingoldsabitch,f
gettingoldstruggles,f
ThemLettersDon'tFeedYou#THEMLETTERSDON'TCLOTHES,f
gettingoldtooquick,f
ThemLikesTho,f
gettingoldyouknow!,f
gettingpaidtoplaysport,f
gettingpaidtowatchbball,f
gettingonbandwagon,f
ThemLipsThough,f
gettingonetomorrow,f
gettingonetonight,f
gettingonthenxtplane,f
gettingonthesametimezone,f
gettingonthisrollercoasterandheadingUp,f
gettingonthistrain,f
gettingprioritiesright,f
gettingonwithit#juniorgolf#practisetowin.,f
gettingorganisedwhileonmaternityleave,f
ThemLondonMemories,f
gettingourclubback,f
gettingourfitnesson,f
gettingourfiton,f
ThemLongBallsMustWork,f
gettingourrevenge,f
gettingourshopon,f
gettingourtechon,f
gettingoutallmycdstomorrow,f
gettingoutofourseats,f
gettingoutofshape,f
gettingoutofthebuilding,f
gettingoutofthehole,f
gettingoutofthemarket,f
gettingouttomorrownight....,f
gettingoverawkward,f
itsallabouttheu,f
jmlatelateshow,f
littlemixmarchplaylist,f
whoneedssleep,f
voicesavekoryn,f
allwarsarebankerswars,f
freeplaylistliveticket,f
everyonethinksimweirdbecause,f
habibifollowme,f
happybirthdayparidhisharma,f
kathnielatguillermoawards,f
nashvilleseasonfinale,f
readingisfundamental,f
princessofnorthsudan,f
whatelsecanyouaskfor,f
whohastheanswer,f
brianwilliamswarstories,f
easiersaidthandone,f
happybirthdaynormani,f
nooneunderstaaands,f
tidalfornoone,f
thatescalatedquickly,f
votecrueltyfree,f
whatkilledlucybeale,f
womencrushwednesday,f
30daysofbiking,f
ageisjustanumber,f
generalelection2015,f
got71stfanpartyinbangkok,f
ilovehim,f
honeymoontourdetroit,f
in2hoursican,f
reachout2015,f
youareloved,f
7daysuntiliwantyoutoknow,f
alwayskeepfightingjared,f
emilygokillyourself4calum,f
fannibalfriday,f
happyfridaythe13th,f
racheldoelzal,f
sabfanoftheday,f
twitterheritagewalk,f
allmoneyin,f
asksallux,f
askthebrofessor,f
dressingroomtrailorselfie,f
dazedandconfusedmusicvideo,f
donttreadonme,f
foreverasarabethfan,f
ijusflewn,f
itsrealgoodforme,f
justiceforall,f
justiceformarinea,f
makesyouthink,f
quotethiswithapictureofus,f
riogohardoutnow,f
andrewforpresident,f
askmadridtop8,f
deanlemonfollowspree,f
footballmumoftheyear,f
expecttheunexpected,f
letthatsinkin,f
mybabysgotasmileonherface,f
shinebrightlikeafrankie,f
traveltheworldinbooks,f
amanisknownbyhisshoes,f
chasinafteryou,f
dontwannafallasleep,f
excitingtimesahead,f
hungarylovesonedirection,f
igotitjames,f
legendsneverdie,f
littledressup,f
myactofkindness,f
prettyonfleek,f
raininginmyheart,f
showyourstripes,f
skinnygirlappreciation,f
twofortuesday,f
wearegiant,f
doorwaytodistinction,f
fictionaldeathsillnevergetover,f
happybirthdayatif,f
inyourdreams,f
onebigsession,f
saveourbbc,f
shakeitup,f
canthandleit,f
loveinitpak,f
morethanwords,f
moveitmonday,f
notgoingtohappen,f
ohnohedidnt,f
thankyouladyspikers,f
theflashseasonfinale,f
whatsupwiththat,f
wishitwasaprank,f
boutthatlife,f
buysledgehammeronitunes,f
kimcoatessaturday,f
keepitcoming,f
thepeoplesstrictly,f
whoisjenius,f
winatnewyear,f
10yearsofswift,f
comebackweekend,f
choosebeautifultogether,f
dreamselfboxingmatch,f
ilovefastway,f
lovealwayswins,f
lovemesotonumber1,f
votefithharmony,f
watchnewstitchesnewvideoon,f
1yearofbelieberforlife,f
blameitonthestreets,f
fourfivesecondsvideo,f
foolwiththecamera,f
bestroadselfieever,f
happybirthdaymamawhitesides,f
helpabrotherout,f
hpsharethefun,f
mancandymonday,f
wearemessi,f
affordablecareact,f
doitforthebants,f
congratsjustinandhailey,o
forevermoreprofessorx,f
fightsongfriday,f
frenchieswantotrat,f
fabulousfuriendsfriday,f
getnaughtboysuspended,f
ourkashmirwedecide,o
rttosavealife,f
strongagainstcancer,f
thankssomuch,f
thinkitsagame,f
wewillsee,f
callmepressplay,f
forevermorefirstdate,f
getarealjob,f
georgesquestforworldpeace123,f
miacarlosfirstkiss,f
showyourimpact,f
8daysuntilblackmagic,f
berniesandersforpresident,f
funfactoftheday,f
girlsliketoswing,f
grandmothersknowbest,f
iloveadoreme,f
interenetbestfriendday,f
lowlifeajithdisgracetocinema,f
mixupyourmenu,f
opinfinitepatience,f
followthebuzzards,f
globeglad2serve,f
happybirthdayjwy,f
kelloggsbreakfastrecipe,f
plebisciteforkashmir,f
saynototobacco,f
weloveyoujared,f
bamboogigforgiving,f
callmereed,f
dontdothat,f
dontfeedthetrolls,f
followmechris,f
grimmiereleasedate,f
thankyouzayn,f
wearehereforthewanted,f
ericsheppardchallenge,f
happybirthdaymamadre,f
hillaryforprison2016,f
killitwithfire,f
iwokeuplikedis,f
oneballfourwickets,f
playofthenight,f
springerfriedchicken,f
sundayfootyshow,f
thebestofmemovie,f
wewillalwaysloveyouzayn,f
31daysofgreen,f
believeitornot,f
snapchatfollowspree,f
useyourrun,f
wantmusicbankinindia,f
bewithbeti,f
hamidspickone,f
ifwomenruledtheworld,f
livebreathebefitness,f
ourblueisbest,f
outofthisworld,f
ravishasksbedi,f
zoomintojacqueline,f
youknowhowthatshitgo,f
backtothedrawingboard,f
bringbackoursonics,f
emmyforsamheughan,f
keepitmoving,f
proudtobeindian,f
supportyourfriends,f
wherestheptvalbum,f
avijitroy,f
girlslikeitwhen,f
godhelpme,f
ingodwetrust,f
march2justice,f
murdershebaked,f
notreadyforhillary,f
pennydreadfulseason2,f
saturdayshoutout,f
seewhatwedidthere,f
sorry4theweight,f
uncuffourcops,f
30daystil1989worldtour,f
32daysofmovies,f
austinandallyseason5,f
askconceptkarim,f
inozziewetrust,f
gentlemansestabliahment,o
georgebestofcycling,o
georgeistheroastmaster,o
georgesgreatstreet,o
georgetownbestpracticemission,o
georgewasmyfave,o
gersisstabbingskillz,o
TheWolvesAreAwesome,o
TheWomenAreRising,o
TheWorldIsNowAwareOfYourAwesomeness!,o
TheWorldNowKnowsHowMeanYouAre,o
The_Emergence_of_Young_Gunner,o
TheamaingBruceWills,o
TheatersWithAlcoholAreAwesome,o
TheatreAtItsBest,o
TheseBitchesDontPhaseMe,o
TheseBitchesKnow,o
TheseBitchesLoveHossa,o
TheseBitchesSumnElse,o
TheseFoodAllergies,o
TheseFriendsAreLikeFamily,o
TheseFyshasAintLoyal,o
TheseGirlSAntLoyal,o
TheseHoSAintLoyal,o
TheseHoeaAintLoyal,o
TheseHoesAintLoyal1993-ForEver,o
TheseHoesArentLoyal,o
TheseHoesRLoyalll,o
TheseHoesReallyAreNotLoyal,o
TheseHoodiesAintLoyal,o
TheseIsWhatIWant,o
TheseJoesAreLoyal,o
TheseKnicksAintLoyal,o
TheseLoansAintLoyal,o
TheseManWhoresAintLoyal‚Äù,o
TheseMansAin'tLoyal,o
TheseMechanicsAintLoyal,o
TheseMeetingsAreWorthTheirWeightInGold,o
TheseNiggasAintLoyalAtAll‚Äù,o
TheseNiggasAintYaFriends,o
TheseNiggasFrauds,o
TheseNiggsaReallyAintForMe2015‚Äù,o
TheseNonArmeniansAintLoyal,o
TheseTypeOfPplSeriously.,o
TheseYoungLadiesAintLoyal,o
TheseLadiesAintLoyal,o
TheseTrucksAintLoyal,o
TheseTypeOfPplSeriously.,o
TheseVansAintLoyal,o
TheseVeggiesAreCrazy,o
Theticketswerefree,o
Theuluruthingwasweird,o
Thewholeworldwatches,o
Thewayyoulooktonight,o
skypereeceandcharlie,f
neverbealoneonitunes,o
wewantnocontrolasasingle,f
equalityforall,f
penshoppexonedirection,f
kianfollowme,f
stitchesonitunesnow,f
haveagoodrestzayn,f
alexwillpickme,f
buyworthitonitunes,f
indiaweareready,f
lohanthonyfollowme,f
happystpatricksday,f
anaudiencewithunionj,f
flipkartthanksyou,f
happybirthdayzayn,f
8happyendings,f
shawnaccesslive,f
usbloggerchat,f
msg100daysintheatre,f
tuesdayshoesday,f
walkaway4days,f
feelgoodfriday,f
Thewayyoumakemefeel,o
theworldismyfamily,f
newshawnsongmonday,f
newweeklychrisvid,f
socialmediamarketing,f
mahomiesgohardest,f
thisiswholesome,f
30daysofheartsonfire,f
singfortracyh,f
nudgethemback,f
msg3successfulweeks,f
janoskiansnewprank,f
shakeitoff,f
frantasticmonday,f
eleanorisbeautiful,o
becauseitmatterstoyu,f
betterstartsnow,f
happy4thanniversarynavya,f
happybirthdayalluarjun,f
internationaldayofhappiness,f
earlybirdcloseupforeversummer,f
newpointlessblogmerch,f
keepitreal,f
rufflesbagsbacktoschool,f
thanksfortheinvite,f
4yearsofshawnmendes,f
8secretsofahealthyfamily,f
addaworddestroyasong,f
rickyfollowmeyou,f
whichwichlove,f
5moreyears,f
joshfollowme,f
onetrickpony,f
otrathelpmariana,f
revoltagainstrahul,f
theshopaholicme,f
wefollowback,f
youknowme,f
youretheworst,f
itsgotime,f
mrstealyourgirl,f
alldayallnight,f
archesfollowspree,f
alwaysinmyheart,f
behindthesketchpad,f
eaturheartout,f
frantasticmondaygo,f
helpspreadawareness,f
liveyourlife,f
nationalstorytellingweek,f
noticemesenpai,f
phoebefabfollowspree,f
sonakshiandjunior,f
charmingsaddiction,f
chillimechallenge,f
electricfueledvehicle,f
hatersgonnahatehatehate,f
iwantsmartphone,f